{
  "/list-merchant" : {
    "transaction" : "/list-merchant",
    "sampleCount" : 30,
    "errorCount" : 0,
    "errorPct" : 0.0,
    "meanResTime" : 339.5,
    "medianResTime" : 329.5,
    "minResTime" : 307.0,
    "maxResTime" : 410.0,
    "pct1ResTime" : 403.6,
    "pct2ResTime" : 407.8,
    "pct3ResTime" : 410.0,
    "throughput" : 0.3091285665708368,
    "receivedKBytesPerSec" : 5.784185916360114,
    "sentKBytesPerSec" : 0.05403712247673808
  },
  "/merchant/product" : {
    "transaction" : "/merchant/product",
    "sampleCount" : 30,
    "errorCount" : 0,
    "errorPct" : 0.0,
    "meanResTime" : 349.1666666666667,
    "medianResTime" : 337.5,
    "minResTime" : 300.0,
    "maxResTime" : 667.0,
    "pct1ResTime" : 369.8,
    "pct2ResTime" : 520.1499999999999,
    "pct3ResTime" : 667.0,
    "throughput" : 0.3089948397861756,
    "receivedKBytesPerSec" : 5.781945238389519,
    "sentKBytesPerSec" : 0.054013746407934986
  },
  "/detail-product" : {
    "transaction" : "/detail-product",
    "sampleCount" : 30,
    "errorCount" : 0,
    "errorPct" : 0.0,
    "meanResTime" : 344.53333333333336,
    "medianResTime" : 337.0,
    "minResTime" : 309.0,
    "maxResTime" : 411.0,
    "pct1ResTime" : 398.7,
    "pct2ResTime" : 406.6,
    "pct3ResTime" : 411.0,
    "throughput" : 0.3089948397861756,
    "receivedKBytesPerSec" : 5.781985472092616,
    "sentKBytesPerSec" : 0.054013746407934986
  },
  "/dicovery-personalized-ads" : {
    "transaction" : "/dicovery-personalized-ads",
    "sampleCount" : 47,
    "errorCount" : 0,
    "errorPct" : 0.0,
    "meanResTime" : 340.63829787234044,
    "medianResTime" : 337.0,
    "minResTime" : 301.0,
    "maxResTime" : 496.0,
    "pct1ResTime" : 370.2,
    "pct2ResTime" : 398.2,
    "pct3ResTime" : 496.0,
    "throughput" : 0.4843213833043084,
    "receivedKBytesPerSec" : 9.06245934469771,
    "sentKBytesPerSec" : 0.08466164805807734
  },
  "/topup" : {
    "transaction" : "/topup",
    "sampleCount" : 47,
    "errorCount" : 0,
    "errorPct" : 0.0,
    "meanResTime" : 1132.063829787234,
    "medianResTime" : 1106.0,
    "minResTime" : 1056.0,
    "maxResTime" : 1720.0,
    "pct1ResTime" : 1175.6000000000001,
    "pct2ResTime" : 1400.999999999999,
    "pct3ResTime" : 1720.0,
    "throughput" : 0.47932771738021906,
    "receivedKBytesPerSec" : 8.96891994780937,
    "sentKBytesPerSec" : 0.0837887318467375
  },
  "/pay" : {
    "transaction" : "/pay",
    "sampleCount" : 1,
    "errorCount" : 0,
    "errorPct" : 0.0,
    "meanResTime" : 499.0,
    "medianResTime" : 499.0,
    "minResTime" : 499.0,
    "maxResTime" : 499.0,
    "pct1ResTime" : 499.0,
    "pct2ResTime" : 499.0,
    "pct3ResTime" : 499.0,
    "throughput" : 2.004008016032064,
    "receivedKBytesPerSec" : 37.48904058116233,
    "sentKBytesPerSec" : 0.35030999498997994
  },
  "/review-product" : {
    "transaction" : "/review-product",
    "sampleCount" : 30,
    "errorCount" : 0,
    "errorPct" : 0.0,
    "meanResTime" : 348.83333333333326,
    "medianResTime" : 333.0,
    "minResTime" : 306.0,
    "maxResTime" : 574.0,
    "pct1ResTime" : 383.0,
    "pct2ResTime" : 534.4,
    "pct3ResTime" : 574.0,
    "throughput" : 0.3088962108731466,
    "receivedKBytesPerSec" : 5.779999131229407,
    "sentKBytesPerSec" : 0.053996505611614495
  },
  "/checkout-list" : {
    "transaction" : "/checkout-list",
    "sampleCount" : 2,
    "errorCount" : 0,
    "errorPct" : 0.0,
    "meanResTime" : 315.0,
    "medianResTime" : 315.0,
    "minResTime" : 293.0,
    "maxResTime" : 337.0,
    "pct1ResTime" : 337.0,
    "pct2ResTime" : 337.0,
    "pct3ResTime" : 337.0,
    "throughput" : 0.038810835985407126,
    "receivedKBytesPerSec" : 0.7261681758421952,
    "sentKBytesPerSec" : 0.006784316056042848
  },
  "/official-store" : {
    "transaction" : "/official-store",
    "sampleCount" : 47,
    "errorCount" : 0,
    "errorPct" : 0.0,
    "meanResTime" : 345.3617021276596,
    "medianResTime" : 337.0,
    "minResTime" : 309.0,
    "maxResTime" : 498.0,
    "pct1ResTime" : 405.00000000000006,
    "pct2ResTime" : 456.1999999999997,
    "pct3ResTime" : 498.0,
    "throughput" : 0.48421161077628394,
    "receivedKBytesPerSec" : 9.060737328079123,
    "sentKBytesPerSec" : 0.08464245930561995
  },
  "/promo" : {
    "transaction" : "/promo",
    "sampleCount" : 30,
    "errorCount" : 0,
    "errorPct" : 0.0,
    "meanResTime" : 340.5,
    "medianResTime" : 329.0,
    "minResTime" : 302.0,
    "maxResTime" : 497.0,
    "pct1ResTime" : 402.5,
    "pct2ResTime" : 451.3499999999999,
    "pct3ResTime" : 497.0,
    "throughput" : 0.30907124092103233,
    "receivedKBytesPerSec" : 5.78306297648483,
    "sentKBytesPerSec" : 0.054027101684438264
  },
  "Total" : {
    "transaction" : "Total",
    "sampleCount" : 403,
    "errorCount" : 0,
    "errorPct" : 0.0,
    "meanResTime" : 464.24317617865984,
    "medianResTime" : 338.0,
    "minResTime" : 293.0,
    "maxResTime" : 1720.0,
    "pct1ResTime" : 1088.0,
    "pct2ResTime" : 1119.8,
    "pct3ResTime" : 1307.4399999999996,
    "throughput" : 3.9729092934530787,
    "receivedKBytesPerSec" : 74.33981305822826,
    "sentKBytesPerSec" : 0.6944831675079113
  },
  "/discussion" : {
    "transaction" : "/discussion",
    "sampleCount" : 30,
    "errorCount" : 0,
    "errorPct" : 0.0,
    "meanResTime" : 341.79999999999995,
    "medianResTime" : 330.0,
    "minResTime" : 317.0,
    "maxResTime" : 530.0,
    "pct1ResTime" : 384.2000000000001,
    "pct2ResTime" : 480.49999999999994,
    "pct3ResTime" : 530.0,
    "throughput" : 0.309033035631509,
    "receivedKBytesPerSec" : 5.782267636129053,
    "sentKBytesPerSec" : 0.0540204232207423
  },
  "/add-to-cart" : {
    "transaction" : "/add-to-cart",
    "sampleCount" : 2,
    "errorCount" : 0,
    "errorPct" : 0.0,
    "meanResTime" : 311.5,
    "medianResTime" : 311.5,
    "minResTime" : 310.0,
    "maxResTime" : 313.0,
    "pct1ResTime" : 313.0,
    "pct2ResTime" : 313.0,
    "pct3ResTime" : 313.0,
    "throughput" : 0.038828919779451736,
    "receivedKBytesPerSec" : 0.7265065317523491,
    "sentKBytesPerSec" : 0.006787477188009629
  },
  "/dicovery-diskon" : {
    "transaction" : "/dicovery-diskon",
    "sampleCount" : 47,
    "errorCount" : 0,
    "errorPct" : 0.0,
    "meanResTime" : 337.04255319148933,
    "medianResTime" : 329.0,
    "minResTime" : 308.0,
    "maxResTime" : 509.0,
    "pct1ResTime" : 361.0,
    "pct2ResTime" : 401.0,
    "pct3ResTime" : 509.0,
    "throughput" : 0.48422158804075704,
    "receivedKBytesPerSec" : 9.06083347606709,
    "sentKBytesPerSec" : 0.08464420337821826
  },
  "/list-product" : {
    "transaction" : "/list-product",
    "sampleCount" : 30,
    "errorCount" : 0,
    "errorPct" : 0.0,
    "meanResTime" : 737.2666666666667,
    "medianResTime" : 728.5,
    "minResTime" : 309.0,
    "maxResTime" : 1355.0,
    "pct1ResTime" : 1159.6000000000001,
    "pct2ResTime" : 1321.45,
    "pct3ResTime" : 1355.0,
    "throughput" : 0.3090394025238218,
    "receivedKBytesPerSec" : 5.782537664177182,
    "sentKBytesPerSec" : 0.054021536183363375
  }
}